,NO,Kategori,Stem
0,1,Peristiwa Daerah,kasad tutup tmmd desa sumberpetung malang
1,2,Peristiwa Daerah,kasad apresiasi yuliono ternak ikan nila dukung program stunting desa sumberpetung kabupaten malang
2,3,Peristiwa Daerah,antusiasme anakanak desa sumberpetung aksi paralayang tutup tmmd
3,4,Peristiwa Daerah,ahli komunikasi unair teknologi ai ganti peran jurnalis
4,5,Peristiwa Daerah,operasi penuh oktober profil bijb kertajati majalengka
5,6,Peristiwa Daerah,bmkg oktober siang kota kabupaten malang hujan
6,7,Peristiwa Daerah,menteri pupr ri dorong daur ulang air sampah energi rest area jalan tol
7,8,Peristiwa Daerah,hutan situs geologi kalipait ijen bondowoso bakar
8,9,Peristiwa Daerah,gubernur khofifah resmi ketapanrame desa industri wisata role model nasional
9,10,Peristiwa Daerah,bersihbersih warga malang jatuh lubang septic tank
10,11,Peristiwa Daerah,bantu manusia salur pdi juang lombok timur korban bakar desa tanjung
11,12,Peristiwa Daerah,sambut operasional penuh bijb kertajati pemkab majalengka dorong potensi wisata ekonomi
12,13,Peristiwa Daerah,imbas buru liar balur anggota perbakin malang keluar
13,14,Peristiwa Daerah,komisi iii dprd kota probolinggo pavingisasi rs arrozi gelombang rusak
14,15,Peristiwa Daerah,ijazah kubro pagar nusa ribu santri buru sanad ilmu kiai khos
15,16,Peristiwa Daerah,hadiah paket umrah acara jalan sehat santri
16,17,Peristiwa Daerah,rs arrozi target operasi tengah desember fokus layan
17,18,Peristiwa Daerah,pindah haluan anggota dprd fraksi gerindra situbondo ganti paw
18,19,Peristiwa Daerah,kontribusi pandemi petrokimia gresik apresiasi pemprov jatim
19,20,Peristiwa Daerah,pelihara stadion gelora merdeka kraksaan tuai kritik dprd kabupaten probolinggo
20,21,Peristiwa Daerah,jenguk bocah siksa keluarga malang kompolnas selesai
21,22,Peristiwa Daerah,ulik hadratussyaikh kh hasyim asyari satu umat islam indonesia
22,23,Peristiwa Daerah,kpu bawaslu kabupaten mojokerto beda tafsir terap pasal pkpu kampanye
23,24,Peristiwa Daerah,perempuan bandung lompat lantai denpasar curhat buang keluarga
24,25,Peristiwa Daerah,band noah kla project riah pesta rakyat badung catat lokasi
25,26,Peristiwa Daerah,tingkat daya saing pariwisata pemprov jabar dukung bangun infrastruktur pangandaran
26,27,Peristiwa Daerah,prakira bmkg jumat oktober medan hujan hari
27,28,Peristiwa Daerah,menteri pupr ri mensesneg ri tinjau lokasi bangun bendung gerak karangnongko
28,29,Peristiwa Daerah,juara paralayang liga jatim seri jajal venue ponorogo
29,30,Peristiwa Daerah,gempa bumi sr guncang garut getar tasikmalaya
30,31,Peristiwa Daerah,momen hsn super friend tasikmalaya buka pasar sukarela unik santri fest
31,32,Peristiwa Daerah,kang ono kkp bina migas henti atur bbm subsidi sulit nelayan
32,33,Peristiwa Daerah,dandim lamongan ingat prajurit jaga netralitas jelang milu
33,34,Peristiwa Daerah,ribu tani tembakau buruh pabrik rokok kabupaten ponorogo terima blt dbhcht
34,35,Peristiwa Daerah,panglima tni laksamana yudo margono pupuk sinergitas olahraga
35,36,Peristiwa Daerah,nyaman masjid albirru aston mojokerto
36,37,Peristiwa Daerah,khofifah ajak warga riah jalan santai santri grandprize mobil puluh paket umrah
37,38,Peristiwa Daerah,gubernur khofifah serah harga donor darah sukarela kali
38,39,Peristiwa Daerah,spektakuler jalan sehat santri ikut juta serta hadiah umrah gratis
39,40,Peristiwa Daerah,karyono jabat kalapas slawi tegal
40,41,Peristiwa Daerah,wakil wali kota gorontalo ajak warga jaga sehat olahraga
41,42,Peristiwa Daerah,nelayan banyuwangi rasa angin segar hasil tangkap ikan limpah
42,43,Peristiwa Daerah,bea cukai kanwil jatim musnah juta batang rokok ilegal mojokerto
43,44,Peristiwa Daerah,kadistanpang bbu lewa jadi agrowisata sumba timur
44,45,Peristiwa Daerah,batik kontemporer kota mojokerto nampang jakarta muslim fashion week
45,46,Peristiwa Daerah,bakar landa buang tlekung kota batu
46,47,Peristiwa Daerah,proyek tinggi jalan rs arrozi kota probolinggo optimis selesai desember
47,48,Peristiwa Daerah,ingat hut golkar jatim safari ziarah makam tokoh juang golkar
48,49,Peristiwa Daerah,kejar majalengka buka ambil tilang pekan catat tempat
49,50,Peristiwa Daerah,gubernur khofifah bangga satu didik jatim raih harga adiwiyata
50,51,Peristiwa Daerah,dprd diy dagang tradisional literasi digital
51,52,Peristiwa Daerah,kadisbudpar jatim hudiyono memorabilia intimate dinner event berkharisma
52,53,Peristiwa Daerah,cikal pencak silat pagar nusa pendekar santri bela kiai mati
53,54,Peristiwa Daerah,gubernur khofifah resmi gedung planetarium observatorium astronomi karangasem lamongan
54,55,Peristiwa Daerah,ingat santri ratus hobi sepeda gowes bareng pakai sarung
55,56,Peristiwa Daerah,biar alami sumber kekok probolinggo percaya sembuh orang sakit
56,57,Peristiwa Daerah,pemkab probolinggo resmi luncur lapor kanda
57,58,Peristiwa Daerah,resto gula aren rekomendasi kuliner menu sehat kota mojokerto
58,59,Peristiwa Daerah,rmi pbnu satu pesantren seni sastra cipta karya tradisi
59,60,Peristiwa Daerah,prakira bmkg sabtu oktober hujan deras ngawi pasuruan lumajang
60,61,Peristiwa Daerah,momentum hsn pbnu santri teladan damai politik
61,62,Peristiwa Daerah,grahadi hujan shalawat laut santri riah jalan sehat
62,63,Peristiwa Daerah,tum pbnu santri bangun negeri semangat jihad
63,64,Peristiwa Daerah,arsinu sukses santri nasional obat gratis
64,65,Peristiwa Daerah,bmkg oktober kota hujan lebat petir
65,66,Peristiwa Daerah,ikut jalan sehat santri disabilitas semangat batas
66,67,Peristiwa Daerah,berkah santri dagang mamin banjir rezeki
67,68,Peristiwa Daerah,lepas jalan santai santri gubernur khofifah agitasi jihad jaga nkri
68,69,Peristiwa Daerah,pesona harmonis busana syar pagelaran halal fashion surabaya
69,70,Peristiwa Daerah,santri jayanusa jihad rawat kebhinekaan negeri
70,71,Peristiwa Daerah,rela santri haus gubernur khofifah bagi air mineral
71,72,Peristiwa Daerah,kuota tambah ribu menag siap haji
72,73,Peristiwa Daerah,serta jalan sehat santri beludak daftar menang undi
73,74,Peristiwa Daerah,dishub provinsi bangun pos lintas kereta api kabupaten probolinggo
74,75,Peristiwa Daerah,menteri agama jalan sehat santri ikhtiar jaga sehat
75,76,Peristiwa Daerah,jahat jalan kapolda diy orang tua perhati anak
76,77,Peristiwa Daerah,pcnu surabaya gelar agam lomba ingat santri
77,78,Peristiwa Daerah,santri gus yahya ajak umat islam gaung miliar shalawat nariyah
78,79,Peristiwa Daerah,pekan kreatif ponorogo buka peluang umkm industri
79,80,Peristiwa Daerah,ratus warga ijen bondowoso demo ptpn xii salah picu
80,81,Peristiwa Daerah,santri sulawesi selatan raya santri semangat gerak jalan santai
81,82,Peristiwa Daerah,ingat maulid nabi santri ratus kiai habib bershalawat balai kota surabaya
82,83,Peristiwa Daerah,usul cawapres gibran terima kasih keluarga partai golkar
83,84,Peristiwa Daerah,tum pbnu menag tinjau gladi resik apel santri lapang tugu pahlawan
84,85,Peristiwa Daerah,kuat literasi milu kpu diy ajak ribu santri nobar film
85,86,Peristiwa Daerah,kunker perdana bima gita ariadi bela beli produk tenun nggoli mbojo
86,87,Peristiwa Daerah,bala gibran jombang hasil rapimnas partai golkar mandat rakyat
87,88,Peristiwa Daerah,syukur ulama muda bondowoso dukung gibran cawapres
88,89,Peristiwa Daerah,anak kader fatayat nu surabaya menang mobil jalan santai santri
89,90,Peristiwa Daerah,momen gus yahya kenang kota surabaya lokasi puncak santri
90,91,Peristiwa Daerah,tampil total jessica purboyo bawa sajak sunda ubud writers and readers festival
91,92,Peristiwa Daerah,kanang biar anak jokowi seberang lawan
92,93,Peristiwa Daerah,malam sarung nusantara santri tapak jejak lintas adab
93,94,Peristiwa Daerah,grahadi menteri agama juang sarung nasional
94,95,Peristiwa Daerah,baca miliar shalawat nariyah gema masjid nasional alakbar surabaya
95,96,Peristiwa Daerah,bakar ikan bagi santri tda pacitan semarak santri
96,97,Peristiwa Daerah,santri baca shalawat nariyah miliar pbnu moga bangsa selesai
97,98,Peristiwa Daerah,presiden ri jokowi hadir puncak santri jadwal
98,99,Peristiwa Daerah,bupati target kakang senduk ponorogo duta wisata nasional
99,100,Peristiwa Daerah,seru karnaval kostum unik festival rafting kota batu
100,101,Peristiwa Daerah,presiden jokowi tebar sepeda santri bahagia
101,102,Peristiwa Daerah,bandara kertajati majalengka sedia tenant nyaman tumpang
102,103,Peristiwa Daerah,probolinggo night run sukses gelar ribu serta
103,104,Peristiwa Daerah,bmkg wilayah jatim panas suhu madiun capai derajat
104,105,Peristiwa Daerah,bupati malang deklarasi damai santri indonesia
105,106,Peristiwa Daerah,bocah tujuh riah probolinggo night run
106,107,Peristiwa Daerah,gubernur khofifah dorong santri ambil peran cegah pecah akibat suksesi
107,108,Peristiwa Daerah,bas urus rtrw serah stempel tuntut sekdes sekarputih mundur
108,109,Peristiwa Daerah,undang ifan seventeen pemkab bondowoso promosi ijen geopark
109,110,Peristiwa Daerah,ingat santri pj bupati bondowoso dukung daya santri
110,111,Peristiwa Daerah,charity run upaya idi dukung tangan stunting lamongan
111,112,Peristiwa Daerah,pagar nusa kuta syiar indah islam belah selat bal buru ijazah kiai
112,113,Peristiwa Daerah,kendali inflasi pj gubernur ntb gelar pasar murah bima
113,114,Peristiwa Daerah,ketua stkip pgri pacitan bangga ketua santri
114,115,Peristiwa Daerah,fadel muhammad dorong peran insinyur bangun
115,116,Peristiwa Daerah,pbnu tahan masuk politik praktis
116,117,Peristiwa Daerah,wakil bupati sleman ajak warga optimal potensi pariwisata
117,118,Peristiwa Daerah,miras maron probolinggo jual vulgar video viral
118,119,Peristiwa Daerah,santri presiden jokowi resmi gedung tower rs islam surabaya
119,120,Peristiwa Daerah,ingat santri nasional ala pontren selamat
120,121,Peristiwa Daerah,pcnu kota malang pilpres bebas pilih pribadi
121,122,Peristiwa Daerah,dishub kota malang siap parkir vertikal lantai nila rp miliar
122,123,Peristiwa Daerah,siti fauziah padu perspektif pilar mpr ri proses bangun
123,124,Peristiwa Daerah,santri pj gubernur jabar ajak teladan juang ulama
124,125,Peristiwa Daerah,muhammad zawawi setia jaga trah pagar nusa keluarga
125,126,Peristiwa Daerah,menteri pupr ri dorong libat masyarakat rest area jalan tol
126,127,Peristiwa Daerah,pendekar pagar nusa sidoarjo hadir ijazah kubro santri surabaya
127,128,Peristiwa Daerah,santri pemprov jabar serah bantu jamin sosial guru ngaji
128,129,Peristiwa Daerah,bocah siksa keluarga besok pulang rssa malang
129,130,Peristiwa Daerah,ribu santri ramai ingat santri pesan bupati sleman
130,131,Peristiwa Daerah,santri bupati majalengka peran santri bangun negeri
131,132,Peristiwa Daerah,menteri pupr ri kam pantai bangun provinsi sulawesi tenggara
132,133,Peristiwa Daerah,ingat santri mwc nu tuban baca miliar shalawat nariyah
133,134,Peristiwa Daerah,ribu santri kota probolinggo ikut apel santri
134,135,Peristiwa Daerah,menteri pupr ri target jalan bypass lasusua kolaka utara selesai
135,136,Peristiwa Daerah,kisah pilu ahmad kholik anak yatim terima bantu bhabinkamtibmas majalengka
136,137,Peristiwa Daerah,ratus santri tpq oba utara oba tidore resmi wisuda
137,138,Peristiwa Daerah,bendera palestina tebar parade shalawat santri
138,139,Peristiwa Daerah,lihat dunia pwi tuban gelar periksa sehat gratis
139,140,Peristiwa Daerah,muhammad sen bentuk hormat negara juang ulama santri
140,141,Peristiwa Daerah,dukung kuat tahan pangan menteri pupr ri dorong modernisasi irigasi
141,142,Peristiwa Daerah,menteri pupr ri mensesneg ri tinjau tata kawasan gor dolokgede bojonegoro
142,143,Peristiwa Daerah,parade shalawat habib syech tutup rangkai puncak santri surabaya
143,144,Peristiwa Daerah,santri momentum kampanye jihad lawan rundung lingkung didik
144,145,Peristiwa Daerah,pj gubernur ntb stok beras ntb aman
145,146,Peristiwa Daerah,cerita balik resolusi jihad pesantren darul ulum kepuhdoko jombang
146,147,Peristiwa Daerah,santri nasional bupati bantul spirit jihad kelola sampah
147,148,Peristiwa Daerah,kemenag sidoarjo riah rangkai acara santri surabaya
148,149,Peristiwa Daerah,riah apel santri gelar pcnu lombok timur
149,150,Peristiwa Daerah,santri program ribu kobong luncur
150,151,Peristiwa Daerah,ingat santri pagar nusa ntb gelar turnamen
151,152,Peristiwa Daerah,bmkg prediksi wilayah jatim hujan
152,153,Peristiwa Daerah,bmkg hujan dominasi kota indonesia
153,154,Peristiwa Daerah,suka cita masyarakat palue bantu sumur bor kapolri
154,155,Peristiwa Daerah,parade shalawat santri khofifah teguh semangat maju bangsa utuh
155,156,Peristiwa Daerah,kepala desa probolinggo tinggal kendara hantam pagar batas
156,157,Peristiwa Daerah,ingat santri bupati pacitan tekan peran santri
157,158,Peristiwa Daerah,kpu majalengka sambang ponpes al mizan ajak nobar film kejar janji
158,159,Peristiwa Daerah,tilik ingat santri ala pesantren ponorogo
159,160,Peristiwa Daerah,pj wali kota malang teladan jejak semangat juang ulama kaum santri
160,161,Peristiwa Daerah,kenal sosok ramah ribu orang kades boto makam
161,162,Peristiwa Daerah,pwnu jatim galang dana baik bangun eks markas oelama sidoarjo
162,163,Peristiwa Daerah,bocah siksa keluarga malang pulang rssa
163,164,Peristiwa Daerah,riah santri ribu santri ngawi bershalawat main ribu rebana
164,165,Peristiwa Daerah,ikut siswa jenjang sd dindik pacitan anbk kembang karakter anak
165,166,Peristiwa Daerah,mobil boks angkut mamin kemas bakar jalan raya ponorogo
166,167,Peristiwa Daerah,tiru vandalisme sampah situs ijen geopark bondowoso
167,168,Peristiwa Daerah,program baso raja inovatif bapenda majalengka tingkat sadar wajib pajak
168,169,Peristiwa Daerah,rasa spirit ingat santri kabupaten magetan
169,170,Peristiwa Daerah,tanam juang santri min pacitan gelar pawai taaruf
170,171,Peristiwa Daerah,kapolres malang anggota jebak dekat
171,172,Peristiwa Daerah,hsn pemkot gelar probolinggo munajat gus tsar
172,173,Peristiwa Daerah,disbudpar jatim suguh tari sembilan negara asean panji festival
173,174,Peristiwa Daerah,warga antusias sambut wacana panjang jalur kereta cepat lintas majalengka
174,175,Peristiwa Daerah,irjen pol nanang avianto arek malang kali jabat kapolda
175,176,Peristiwa Daerah,santri jombang semarak santri olimpiade shorof
176,177,Peristiwa Daerah,rekayasa contraflow ruas tol jombang mojokerto kendara wajib simak informasi
177,178,Peristiwa Daerah,daftar desa lolos tahap laksana sido resik
178,179,Peristiwa Daerah,hujan es kabupaten sragen rumah rusak korban jiwa
179,180,Peristiwa Daerah,terima lapor masyarakat lapor kanda pj bupati probolinggo turun gunung
180,181,Peristiwa Daerah,ingat santri ternate semangat ilmu merdeka
181,182,Peristiwa Daerah,pemkab cirebon usul gelar pahlawan nasional kh abbas abdul jamil
182,183,Peristiwa Daerah,distanpang bangun sekolah lapang tani sumba timur aku rasa manfaat
183,184,Peristiwa Daerah,jatim juara anugerah den gubernur khofifah bukti komitmen nyata wujud nze
184,185,Peristiwa Daerah,presiden jokowi resmi tower rsi yani gubernur khofifah insya allah rs modern percaya
185,186,Peristiwa Daerah,festival creartive lps lps ajak kreator muda tunjuk bakat potensi
186,187,Peristiwa Daerah,rawan perisai prabowo prabowo subianto tuntas dagang karbon
187,188,Peristiwa Daerah,gagas santri nasional kh thoriq bin ziyad apresiasi jaga pilar nkri
188,189,Peristiwa Daerah,museum sunan drajat pamer koleksi east java heritage expo
189,190,Peristiwa Daerah,temu hidrogen alami sulawesi potensi energi bersih
190,191,Peristiwa Daerah,chef bintang vasa surabaya ajar bunda masak super food daun kelor
191,192,Peristiwa Daerah,gunung lawu bakar bpbd jatim kirim bantu pasu madam jalur darat
192,193,Peristiwa Daerah,harap wali kota denpasar ngelingga prasasti rangkai upacara melaspas mendem daging pujawali pura taman sari banjar merthayasa
193,194,Peristiwa Daerah,harmoni tahu teknologi babinsa kodim pasuruan gembleng duta informasi positif era digital
194,195,Peristiwa Daerah,pro avl indonesia pamer piranti teknologi audio visual kelas dunia
195,196,Peristiwa Daerah,waspada ganggu sehat mental psikolog ugm kan sebab
196,197,Peristiwa Daerah,giat budaya mojokerto siap rangkai acara hut majapahit
197,198,Peristiwa Daerah,solusi atas sampah pemprov bal gandeng evigreenindo energy
198,199,Peristiwa Daerah,almarhum kades boto mata gus haris kh hasyim tokoh
199,200,Peristiwa Daerah,arkeolog um transformasi budaya majapahit relevan kini
200,201,Indonesia Positif,nama khofifah muncul cawapres favorit jatim saing mahfud md
201,202,Indonesia Positif,baret siswa sma taruna pesan gubernur jatim
202,203,Indonesia Positif,banyuwangi temu ribu bakat prestasi siswa madrasah ibtidaiyah sejawa timur
203,204,Indonesia Positif,ingat harlah uin malang gelar expo mandiri pesantren
204,205,Indonesia Positif,reses intan fauzi sosialisasi mudah usaha silaturahim warga depok
205,206,Indonesia Positif,sidang agenda kpknl tt singkat tunda minggu
206,207,Indonesia Positif,generali indonesia bayar total klaim rp miliar kuartal iii
207,208,Indonesia Positif,bupati diri depo sampah pindah tata taman hijau slg
208,209,Indonesia Positif,pemkot gorontalo komitmen upaya berantas miskin
209,210,Indonesia Positif,bahas isu global fakultas saintek uin malang gelar international conference on green technology
210,211,Indonesia Positif,pemkab ponorogo reward atlet raih medali porprov jatim
211,212,Indonesia Positif,buka cabang malang makna filosofi nama brand nusantara kaos polos
212,213,Indonesia Positif,dprd lombok utara gelar rapat paripurna kua apbd ppas
213,214,Indonesia Positif,jaga kondusifitas daerah pupuk kaltim gelar koordinasi aman unsur masyarakat
214,215,Indonesia Positif,optimal bumdes sumber pad desa
215,216,Indonesia Positif,dpmptsp kota diri gelar workshop patuh usaha migrasi kswi oss
216,217,Indonesia Positif,angeline wakil jatim parlemen remaja gedung senayan
217,218,Indonesia Positif,nelayan pati sulit bbm pertamina pasti stok aman
218,219,Indonesia Positif,puguh wiji pamungkas nilai legalitas usaha bantu umkm kelas
219,220,Indonesia Positif,kuat manfaat science technology engineering and mathematics ajar dosen unj gelar pkm sekolah indonesia negeri
220,221,Indonesia Positif,puguh wiji pamungkas ajak umkm malang kolaborasi bangkit ekonomi
221,222,Indonesia Positif,warga wirobrajan kota yogyakarta geger koper misterius duga bom rakit
222,223,Indonesia Positif,sikap keras anak malang sikap presiden ngg puguh wiji pamungkas
223,224,Indonesia Positif,festival anak sholeh ajang bangun akhlakul karimah hati ajar banyuwangi
224,225,Indonesia Positif,jalin kerjasama adil agama fai unisma malang gelar program praktik alam lapang hukum islam
225,226,Indonesia Positif,prof hefni rektor uin khas jember ganti babun suharto
226,227,Indonesia Positif,mahasiswa didik metematika unisma malang cipta progam math camp krabi thailand
227,228,Indonesia Positif,sinyal ubah kuat caleg pkb hantar amin kpu
228,229,Indonesia Positif,saji konten edukatif kreatif noera by reisha sukses optimal jual kanal digital
229,230,Indonesia Positif,tan latih juta tani suluh tingkat produktivitas padi musim rendeng
230,231,Indonesia Positif,apel operasi mantap brata candi polda jateng aman tahap milu
231,232,Indonesia Positif,generasi satset bekas ajak milenial melek industri olahraga
232,233,Indonesia Positif,lomba kreasi desain maskot kabupaten malang raya ingat kreativitas
233,234,Indonesia Positif,pesan bupati pacitan kades lantik
234,235,Indonesia Positif,wali kota diri letak batu kembang kios buah sayur pasar grosir
235,236,Indonesia Positif,bible camp mentoring bentuk dukung stik malang agam umat agama
236,237,Indonesia Positif,gelar international scholars engagement humaniora uin malang bahas ecohumanism
237,238,Indonesia Positif,parpol magetan ikut sosialisasi pkpu kampanye
238,239,Indonesia Positif,kpu ponorogo gelar rapat koordinasi strategi tingkat partisipasi masyarakat
239,240,Indonesia Positif,kabupaten sumba teken mou gerdal hama belalang kembara sumba timur
240,241,Indonesia Positif,kasad tkasad tmmd tingkat sejahtera masyarakat t
241,242,Indonesia Positif,lansia internasional pertamina peduli lintas generasi
242,243,Indonesia Positif,pasar rakyat gosalaha tidore pulau sabet juara tingkat nasional
243,244,Indonesia Positif,menhub pemkot tidore lapor siap nusantara
244,245,Indonesia Positif,permatabank ajar literasi uang anakanak sd solo
245,246,Indonesia Positif,kasdam vbrawijaya resmi tutup program tmmd desa wukirharjo kodim tuban
246,247,Indonesia Positif,dorong penuh hak difabel produk hukum
247,248,Indonesia Positif,kota gorontalo raih harga kominfo ri
248,249,Indonesia Positif,bank indonesia indah kurnia ajak kepala desa sidoarjo kembang potensi umkm
249,250,Indonesia Positif,wujud data kota diri diskominfo gelar sosialisasi statistika lurah
250,251,Indonesia Positif,indonesia negara favorit tuju investasi amat apresiasi bijak bahlil kuat percaya investor
251,252,Indonesia Positif,ubah rafif muhammad rizqullah jakarta gerak menang pasang amin
252,253,Indonesia Positif,loggo rilis koleksi sepatu tema budaya jawa
253,254,Indonesia Positif,rangkul anak muda pimpin bangsa pesan puguh wiji pamungkas
254,255,Indonesia Positif,gagas cemerlang puguh wiji pamungkas maju malang
255,256,Indonesia Positif,kodim sleman sukses wujud akses jalan warga
256,257,Indonesia Positif,tim bola voli unisma malang partisipasi cakrawala cup volleyball tournament
257,258,Indonesia Positif,ukm korps protokoler mahasiswa unisma malang hasil laksana national talkshow series miss universe indonesia
258,259,Indonesia Positif,keren siswa sma malang balap nasional
259,260,Indonesia Positif,alfamart bank aladin syariah renovasi warung maju umkm
260,261,Indonesia Positif,polres banjarnegara gelar operasi mantap brata candi tuju
261,262,Indonesia Positif,jelang milu polresta cilacap siap personel operasi mantap brata candi
262,263,Indonesia Positif,stikiverse teknologi imersif karya stik malang
263,264,Indonesia Positif,eyelink foundation kaca mata gratis kerja gresik
264,265,Indonesia Positif,farm field day puncak slpht departemen hpt fpub tani milenial kota batu
265,266,Indonesia Positif,unipma gelar seminar nasional hasil teliti abdi masyarakat bas riset
266,267,Indonesia Positif,fk uirscm kerjasama rs siloam ambon rsup leimena tuju
267,268,Indonesia Positif,sido resik desa tambang sidoarjo manfaat alir sungai wisata fasilitas umkm
268,269,Indonesia Positif,mudah pindah akses serikat kerja datang bpjs pusat aplikasi mobile jkn kembali
269,270,Indonesia Positif,renoufaldo setyawan terjang cepat semangat juang
270,271,Indonesia Positif,bongkar sisa lapak pasar relokasi kota batu pj wali kota terjun langsung lokasi
271,272,Indonesia Positif,mahfud md resmi partisipasi pilpres dukung hebat komunitas madura
272,273,Indonesia Positif,masjid tlogowaru sarana baik puguh wiji pamungkas bagi nasi kotak
273,274,Indonesia Positif,harga top human capital awards usaha muka
274,275,Indonesia Positif,golden future indonesia salur bantu darurat sintas agresi gaza
275,276,Indonesia Positif,upaya tingkat nilai komoditas tanam obat latih
276,277,Indonesia Positif,rapat paripurna dprd kota diri nota uang raperda apbd anggar
277,278,Indonesia Positif,lukis qr art rektor ub wujud archivum est potentia
278,279,Indonesia Positif,istri wali kota tidore wawali juri lomba masakan tradisional
279,280,Indonesia Positif,dorong lahir generasi daya saing puguh wiji pamungkas ajak anak desa sekolah jenjang
280,281,Indonesia Positif,ketua pb pmii santri politikus bagus
281,282,Indonesia Positif,monitoring evaluasi latih barbershop bupati diri jajal potong rambut
282,283,Indonesia Positif,gubes hukum tata negara ub kejanggala batas usia caprescawapres
283,284,Indonesia Positif,badminton season ii rsud tidore resmi buka
284,285,Indonesia Positif,benchmarking study kades ajar bangun lanjut china
285,286,Indonesia Positif,hut urus golkar ziarah makam pahlawan tokoh golkar sidoarjo
286,287,Indonesia Positif,bukti transparansi pemkab madiun pj bupati madiun giat opd publikasi
287,288,Indonesia Positif,indonesia laju warga bal deklarasi dukung gibran
288,289,Indonesia Positif,deklarasi pemuda pemudi demokrasi indonesia bangun adil demokratis
289,290,Indonesia Positif,propam periksa senpi tes urine anggota polres majalengka
290,291,Indonesia Positif,caleg pdip abraham garuda bantu proses sembuh bayi stunting tangerang
291,292,Indonesia Positif,bisnis lokal internasionalisasi
292,293,Indonesia Positif,promosi wisata bondowoso gelar marching festival
293,294,Indonesia Positif,stadion kabupaten diri harap tingkat kembang olahraga
294,295,Indonesia Positif,ketua pengcab imi lantik asa dunia otomotif kota tasikmalaya
295,296,Indonesia Positif,tuan rumah tonton persik diri tegas untung
296,297,Indonesia Positif,mas dhito emban tugas jurkamnasjubir pasang ganjar pranowomahfud md
297,298,Indonesia Positif,teuku faisal jabat kabid humas pwi jakarta barat bakti
298,299,Indonesia Positif,kumpul bareng hipmi banyuwangi dorong kolaborasi bareng usaha daerah
299,300,Indonesia Positif,dokter anak kanya ayu paramastri pengaruh kait bahaya galon isi ulang bahaya
300,301,Indonesia Positif,feb unisma lepas calon wisudawan periode akademik
301,302,Indonesia Positif,marten taha rtrw provinsi gorontalo konsep lintas sektor
302,303,Indonesia Positif,mutasi polres jombang namanama jabat rotasi
303,304,Indonesia Positif,giat shalat subuh keliling jemaah puguh wiji pamungkas generasi daya kualitas daya saing
304,305,Indonesia Positif,bcc buka wali kota bontang basri harap event sumbang pad kunjung wisata
305,306,Indonesia Positif,rektor universitas widyagama malang apresiasi mahasiswa short course uthm malaysia
306,307,Indonesia Positif,marak pungut fiktif sekolah agun gunanjar korupsi atas sistem
307,308,Indonesia Positif,wisudah xxii stikes husada jombang cetak lulus baik bidang sehat
308,309,Indonesia Positif,tangkal hoaks jelang milu tips dandim lamongan masyarakat
309,310,Indonesia Positif,hut idi hadir spesialistik puskesmas selamongan
310,311,Indonesia Positif,antropolog juang diri patut ajar santri marwah indonesia pentas global
311,312,Indonesia Positif,pt bumi suksesindo hadir serah terima sertifikat ptsl desa sumberagung
312,313,Indonesia Positif,rawan progib nusantara deklarasi dukung prabowogibran
313,314,Indonesia Positif,sikap putus mk gimit harap sosok pemuda pilpres
314,315,Indonesia Positif,fadel muhammad hadir majelis maulid arbain an nabawiyah gorontalo
315,316,Indonesia Positif,tmmd hapus nestapa hadir sumber hidup
316,317,Indonesia Positif,predator league sambang surabaya acer kenal laptop gaming nitro
317,318,Indonesia Positif,fadel muhammad tekan lanjut bangun gorontalo
318,319,Indonesia Positif,tekan inflasi pemkab malu mou dagang bawang merah pemkab probolinggo
319,320,Indonesia Positif,bcc ajang event dispopar bontang bangun sinergi picu kunjung wisata umkm
320,321,Indonesia Positif,pj gubernur ntb empati bantu korban bakar monta bima
321,322,Indonesia Positif,agun gunanjar ekonomi digital mudah warga transaksi cepat mudah
322,323,Indonesia Positif,masyarakat lintas agama suku ikrar rawat agam
323,324,Indonesia Positif,rotary club of surabaja selatan serah bantu jamban sehat
324,325,Indonesia Positif,menparekraf sandiaga pacu kreativitas santri demoday santri digitalpreneur
325,326,Indonesia Positif,senyum haru wisuda santri khotmil alquran bin nandhor jombang
326,327,Indonesia Positif,wali kota mojokerto ikut baca miliar shalawat nariyah
327,328,Indonesia Positif,malam akrab ingat maulid nabi muhammad saw pondok manbaul ulum malang
328,329,Indonesia Positif,kosabangsa kolaborasi unesa surabaya unija sumenep kuat produk olah jamu kwt
329,330,Indonesia Positif,refleksi peran ulama santri manbaul ulum malang gelar upacara khidmat santri
330,331,Indonesia Positif,pj gubernur ntb kunjung kota bima bahas stabilitas ekonomi pj wali kota
331,332,Indonesia Positif,denpasar youth festival resmi buka pemkot target jt tiket jual
332,333,Indonesia Positif,aneka lomba anak riah raya santri ramayana malang
333,334,Indonesia Positif,inspirasi mahasiswa bri gelar campus roadshow kota
334,335,Indonesia Positif,kendara listrik roda mati alva experience center hadir surabaya
335,336,Indonesia Positif,festival umkm pemuda gereja dorong pasar produk lokal kualitas
336,337,Indonesia Positif,gelar media gathering itjen kemenag harap tingkat sdm bidang media
337,338,Indonesia Positif,atlet artis alam segar le minerale
338,339,Indonesia Positif,mafindo malang tingkat sadar publik lawan hoaks
339,340,Indonesia Positif,usung konsep stan bambu atap rumbia uni hkg pkk pulau taliabu
340,341,Indonesia Positif,kocok ulang arus dukung jokowi
341,342,Indonesia Positif,bussiness workshop uwg malang tingkat potensi ekonomi indonesia
342,343,Indonesia Positif,mahasiswa program studi agribisnis unisma malang lolos dana program rumah kreatif mahasiswa
343,344,Indonesia Positif,gandeng chef wina djaman doeloe resto hadir menu nusantara kitchen take over kaya vol
344,345,Indonesia Positif,wawali pegawai pemkot tidore galang donasi palestina
345,346,Indonesia Positif,raya dekade konsistensi banyuwangi bangun industri batik lokal
346,347,Indonesia Positif,atlet porserosi kabupaten malang podium kejurnas piala kapolda diy
347,348,Indonesia Positif,rapimnas gerindra bahas menang prabowogibran milu
348,349,Indonesia Positif,semarak santri nasional mahasiswa uin khas jember kena sarung kuliah
349,350,Indonesia Positif,mahasiswa humaniora uin malang raih peringkat ii lomba mc nasional
350,351,Indonesia Positif,langkah berani imayati kalean transformasi himpun
351,352,Indonesia Positif,puguh wiji pamungkas peran santri bangun negeri
352,353,Indonesia Positif,tim mahasiswa universitas negeri malang juara kompetisi jembatan indonesia
353,354,Indonesia Positif,pj wali kota malang ajak masyarakat teladan semangat santri bangun negeri
354,355,Indonesia Positif,tim mahasiswa universitas brawijaya temu potensi cangkang tiram bahan baterai kendara listrik
355,356,Indonesia Positif,wahyu hidayat apresiasi gagas santri nasional
356,357,Indonesia Positif,ranting muhammadiyah gilangharjo dukung ahmad syauqi soeratno maju calon dpd ri
357,358,Indonesia Positif,ramai beda layan pasien bpjs rsud bondowoso dprd ingat
358,359,Indonesia Positif,tampil total tema nusantara olahraga dispopar bontang sukses bcc
359,360,Indonesia Positif,sekretaris mui jatim apresiasi sukses rangkai santri surabaya
360,361,Indonesia Positif,pemkot gorontalo bantu umkm tingkat kapasitas
361,362,Indonesia Positif,direktur rsud bondowoso keluh beda layan pasien bpjs reguler
362,363,Indonesia Positif,polresta banyuwangi nobar film rindu kisah setia bhayangkari tani tugas sang suami
363,364,Indonesia Positif,pns banyuwangi terima sk jabat fungsional harap pesan bupati ipuk
364,365,Indonesia Positif,ribu santri siswa guru madrasah riah ingat santri diri
365,366,Indonesia Positif,wawali tidore hadir sunat massal acara festival doedoe
366,367,Indonesia Positif,jiwa dampak kering dharma wanita satu sleman dropping air bersih
367,368,Indonesia Positif,ribu personel aman pilkades bupati banyuwangi tugas sikap humanis
368,369,Indonesia Positif,apresiasi patuh wajib pajak bapenda majalengka bagibagi hadiah
369,370,Indonesia Positif,wali kota diri melaunching kendara damkar kota diri
370,371,Indonesia Positif,lkp desy education dorong sekolah tengah banyuwangi ikut program pkk kemdikbudristek ri
371,372,Indonesia Positif,badan hubung dialog mahasiswa malu kota malang
372,373,Indonesia Positif,dukung dokter alam first care hadir panglima polim jaksel
373,374,Indonesia Positif,komitmen akulaku penuh wajib regulator
374,375,Indonesia Positif,semarak maulid nabi saw ponpes albasyir bogor hadir ribu jamaah qori internasional
375,376,Indonesia Positif,sukses perdana asbanda resmi liga bola basket asbanda cup
376,377,Indonesia Positif,duta ri ethiopia fasilitas jalin kerjasama internasional unmer malang harambee university ethiopia
377,378,Indonesia Positif,orientasi program studi teknik sipil unisma malang
378,379,Indonesia Positif,pupuk indonesia anugerah harga pelopor net zero emission
379,380,Indonesia Positif,rannya agustyra kristiono letak batu rumah tahfiz alquran ukhuwah datu lombok utara
380,381,Indonesia Positif,uin malang gelar workshop uji publik sistem didik nu
381,382,Indonesia Positif,pj bupati bondowoso serah bantu korban angin puting beliung
382,383,Indonesia Positif,sepeda listrik larang operasi jalan raya polresta malang kota geber sosialisasi
383,384,Indonesia Positif,santri gus muhdlor ajak asn pemkab sidoarjo kerja pakai sarung baju muslimah
384,385,Indonesia Positif,gubernur provinsi jatim sambut hangat tim ut surabaya
385,386,Indonesia Positif,logistik kirim kpu kota malang terima botol tinta milu
386,387,Indonesia Positif,pemuda katolik jatim gelar kkm ajak serta libat sukses milu
387,388,Indonesia Positif,apbd kota gorontalo fokus optimalisasi rpjmd
388,389,Indonesia Positif,inovasi mahasiswa unisma depan rkm bangun robotika
389,390,Indonesia Positif,waspada monkeypox dinkes banyuwangi gonta ganti pasang resiko tular
390,391,Indonesia Positif,pasti pilkades serentak aman lancar polresta banyuwangi terjun ribu personil
391,392,Indonesia Positif,lestari nilai budaya masyarakat rencana induk pemkab sumba timur
392,393,Indonesia Positif,gaya urban koleksi hm
393,394,Indonesia Positif,kings college london buka kuliah malang
394,395,Indonesia Positif,henry indraguna apresiasi gibran pasang prabowo menang pilpres tegas golkar pro anak muda
395,396,Indonesia Positif,pasti panen raya musim tanam skill tani suluh kuat
396,397,Indonesia Positif,polbangtan malang raih juara lomba film pendek
397,398,Indonesia Positif,perwira mutasi kapolres probolinggo jabat adaptasi
398,399,Indonesia Positif,kantor berita gelar latih jaga kode etik jurnalistik politik
399,400,Indonesia Positif,banten koperasi malika jangkau ibukota bpr hasamitra jabar
400,401,Peristiwa Nasional,bmkg hujan guyur wilayah kabut asap palembang palangkaraya jambi
401,402,Peristiwa Nasional,hadir konferensi agama ubah iklim asia tenggara harap tgb
402,403,Peristiwa Nasional,konferensi agama ubah iklim seasia tenggara pesan menag
403,404,Peristiwa Nasional,im jagong pangdam iskandar muda dukung tahan pangan aceh
404,405,Peristiwa Nasional,quraish shihab beda masyarakat timur masyarakat barat
405,406,Peristiwa Nasional,konflik pulau rempang quraish shihab pelihara lingkung
406,407,Peristiwa Nasional,quraish shihab manusia kupukupu bakar pandai terbang
407,408,Peristiwa Nasional,jk panas padang pasir indonesia
408,409,Peristiwa Nasional,breaking news perintah tuju maju jadwal pilkada serentak september
409,410,Peristiwa Nasional,menag ri dorong institusi agama indonesia kontribusi atas ubah iklim
410,411,Peristiwa Nasional,gus yahya seru ulama nu hadir selesai konflik global
411,412,Peristiwa Nasional,prakira cuaca bmkg semarang palembang panggang panas
412,413,Peristiwa Nasional,ahmad basarah tni jaga demokrasi percaya rakyat indonesia
413,414,Peristiwa Nasional,tingkat literasi uang masyarakat tanggung
414,415,Peristiwa Nasional,ahmad basarah optimis tni profesional jaga demokrasi indonesia
415,416,Peristiwa Nasional,analis intelijen milu tni abdi golong politik
416,417,Peristiwa Nasional,makna filosofi logo santri
417,418,Peristiwa Nasional,ketua mpr ri dukung konferensi dunia uni emirat arab
418,419,Peristiwa Nasional,presiden jokowi jadwal hadir ingat santri surabaya
419,420,Peristiwa Nasional,luncur logo santri menag ri ajak santri jihad intelektual
420,421,Peristiwa Nasional,jokowi arief prasetyo adi plt menteri tani
421,422,Peristiwa Nasional,menpora ri tinjau stadion kanjuruhan doa korban tragedi pintu
422,423,Peristiwa Nasional,megawati pilih juri zayed award abu dhabi
423,424,Peristiwa Nasional,titik panas deteksi tujuh kabupaten kaltim warga imbau waspada karhutla
424,425,Peristiwa Nasional,pemprov bal nyata sambut ktt ais forum
425,426,Peristiwa Nasional,bnpb banjir dominasi peristiwa bencana alam indonesia
426,427,Peristiwa Nasional,bmkg kabut asap kota sumatera
427,428,Peristiwa Nasional,menag ri dukung program mandiri pesantren sesuai amanah presiden
428,429,Peristiwa Nasional,temu jokowi syahrul yasin limpo kooperatif
429,430,Peristiwa Nasional,indonesia thales prancis kerja bangun infrastruktur teknologi ikn
430,431,Peristiwa Nasional,firli bahuri aku temu syahrul yasin limpo lapang bulu tangkis
431,432,Peristiwa Nasional,website cpns masalah server down daftar
432,433,Peristiwa Nasional,status sidi peras pimpin kpk syl mahfud md sesuai prosedur
433,434,Peristiwa Nasional,cuaca cerah awan dominasi kotakota indonesia
434,435,Peristiwa Nasional,daftar cpns panjang oktober
435,436,Peristiwa Nasional,program gesid danone aiesec indonesia dukung remaja karakter
436,437,Peristiwa Nasional,gelora jokowi turun tangan duga peras pimpian kpk ri
437,438,Peristiwa Nasional,buka ktt ais forum presiden ri jokowi darat bandara ngurah rai
438,439,Peristiwa Nasional,kemenag buka daftar bantu selesai didik s s syarat
439,440,Peristiwa Nasional,cuaca cerah dominasi kota indonesia
440,441,Peristiwa Nasional,perang palestina israel amat militer emosi rakyat indonesia gampang bakar
441,442,Peristiwa Nasional,kpk ri dalam alir korupsi syahrul yasin limpo partai nasdem
442,443,Peristiwa Nasional,teliti brin indonesia alami bencana korupsi
443,444,Peristiwa Nasional,pimpin kpk desak mundur mahfud md komentar
444,445,Peristiwa Nasional,perintah indonesia tandatangani kerja regional world water forum
445,446,Peristiwa Nasional,menteri pupr ri harap dukung jepang world water forum
446,447,Peristiwa Nasional,pbnu reaksi muhaimin agama jadi alat politik
447,448,Peristiwa Nasional,menteri pupr dorong isu world water forum bal
448,449,Peristiwa Nasional,ketua mpr ri dorong notaris manfaat teknologi informasi
449,450,Peristiwa Nasional,ingat partai logo bendera nu pbnu tuntut hukum
450,451,Peristiwa Nasional,menteri pupr ri undang presiden tajikistan hadir world water forum
451,452,Peristiwa Nasional,kemenag imbau shalat ghaib korban konflik palestina
452,453,Peristiwa Nasional,kpk duga alir dana milyaran rupiah pantai nasdem
453,454,Peristiwa Nasional,ketua mpr ri dukung gakeslab kembang industri alat sehat nasional
454,455,Peristiwa Nasional,perang israelpalestina potensi buruk krisis pangan energi global
455,456,Peristiwa Nasional,prakira bmkg minggu hujan kota
456,457,Peristiwa Nasional,bambang soesatyo terima usul walubi kait utus golong mpr ri
457,458,Peristiwa Nasional,impi kota indah menteri pupr kerja tunggu
458,459,Peristiwa Nasional,total unjung pamer capai ribu orang
459,460,Peristiwa Nasional,menag ri dorong sarjana mahad aly nurul cholil kembang waris tradisi teknologi
460,461,Peristiwa Nasional,besok kip putus gugat buka informasi kait data emisi pltu
461,462,Peristiwa Nasional,mk putus perkara batas usia capres cawapres
462,463,Peristiwa Nasional,wapres kh maruf amin puji mbah wahab cetus solusi bangsa
463,464,Peristiwa Nasional,putus mk kpu laku kaji
464,465,Peristiwa Nasional,putus mk gibran maju cawapres presiden jokowi
465,466,Peristiwa Nasional,tokohtokoh madura satu milu martabat
466,467,Peristiwa Nasional,bmkg oktober kota indonesia cerah awan
467,468,Peristiwa Nasional,potensi aalco global suara penting negara asiaafrika
468,469,Peristiwa Nasional,dongkrak ipm pemkot surabaya sedia layan literasi
469,470,Peristiwa Nasional,kereta api argo meru anjlok pt kai maaf
470,471,Peristiwa Nasional,santri miliar shalawat nariyah buncah langit nusantara
471,472,Peristiwa Nasional,kereta cepat whoosh operasi komersial kai sedia ka feeder
472,473,Peristiwa Nasional,wajib tahap jadwal selenggara pilpres
473,474,Peristiwa Nasional,unduh apliksi quran kemenag terjemah enam bahasa daerah
474,475,Peristiwa Nasional,pasang caprescawapres daftar kpu
475,476,Peristiwa Nasional,prakira cuaca kota indonesia guyur hujan
476,477,Peristiwa Nasional,kisah damai aceh jusuf kalla senjata gam tukar batalyon tni
477,478,Peristiwa Nasional,hadir malam anugerah the asset manager menteri pupr ri ajar regulasi kelola aset
478,479,Peristiwa Nasional,bmkg oktober kota kabupaten diri hujan lebat
479,480,Peristiwa Nasional,ketua mpr ri ilham habibie matang bangun museum bj habibie tmii
480,481,Peristiwa Nasional,lewat ingat santri simak jadwal lengkap
481,482,Peristiwa Nasional,tugas apel santri tugu pahlawan surabaya
482,483,Peristiwa Nasional,latih juta tani suluh tingkat produktivitas padi musim rendeng
483,484,Peristiwa Nasional,kompak pakai batik potret makan siang jokowi capres
484,485,Peristiwa Nasional,bahaya daerah indonesia rawan pangan
485,486,Peristiwa Nasional,kenang cerita prof dr kh said aqil siraj lahir santri nasional
486,487,Peristiwa Nasional,rmi pbnu gagas inovasi ajar kitab kuning lomba kreatif
487,488,Peristiwa Nasional,resolusi fatwa jihad kh hasyim asyari semangat santri nasional
488,489,Peristiwa Nasional,prof dr kh said aqil siraj putus mk hormat pimpin bangsa sosok baik
489,490,Peristiwa Nasional,baik layan bpjs sehat era digitalisasi gm fkppi dengar suara serta
490,491,Peristiwa Nasional,naik suhu akibat ubah iklim turun produktivitas padi indonesia persen
491,492,Peristiwa Nasional,kemendikbudristek ri siswa indonesia potensi alami rundung
492,493,Peristiwa Nasional,peduli lingkung santri awal tanam bibit mangrove
493,494,Peristiwa Nasional,semarak santri raya agam sarung santri nusantara
494,495,Peristiwa Nasional,semarak santri raya agam sarung santri nusantara
495,496,Peristiwa Nasional,dokter jatim sesuai standar rasio who
496,497,Peristiwa Nasional,presiden jokowi pulang tanah air kunjung arab saudi
497,498,Peristiwa Nasional,kenal tugu pahlawan surabaya ingat puncak santri
498,499,Peristiwa Nasional,presiden jokowi pangeran mbs temu kuota haji indonesia ribu
499,500,Peristiwa Nasional,santri jihad tapak jejak pahlawan jalan santai santri surabaya
500,501,Peristiwa Nasional,grand final duta santri santri santriwati pilih
501,502,Peristiwa Nasional,panglima tni apresiasi alumni akabri baksos bakses malang
502,503,Peristiwa Nasional,santri awards ajang harga santri prestasi
503,504,Peristiwa Nasional,miliar shalawat nariyah lantun berkah bangsa santri
504,505,Peristiwa Nasional,refleksi santri paham beda anak muda santri santri
505,506,Peristiwa Nasional,pelita tmmd hadir asa warga desa sumberpetung
506,507,Peristiwa Nasional,uji materi batas usia calon presiden hnw mk tolak
507,508,Peristiwa Nasional,forum konsultasi publik umb indro gutomo mpr buka kritik
508,509,Peristiwa Nasional,deklarasi damai milu kapolri panglima tni satu kota malang
509,510,Peristiwa Nasional,ketua mpr ri pintu darurat konstitusi indonesia
510,511,Peristiwa Nasional,santri tum pbnu sarung bukti sinambung adab hindu buddha islam
511,512,Peristiwa Nasional,santri warga pacitan baca miliar shalawat nariyah
512,513,Peristiwa Nasional,laut santri baju putih sambut datang keppres santri tugu pahlawan
513,514,Peristiwa Nasional,prakira bmkg oktober pontianak banda aceh hujan lebat
514,515,Peristiwa Nasional,presiden jokowi santri pilar kuat bangsa zaman juang
515,516,Peristiwa Nasional,tes sehat rspad ganjar tani istri mahfud md
516,517,Peristiwa Nasional,presiden jokowi bebas putus politik anak
517,518,Peristiwa Nasional,santri santri sorak jokowi sapa prabowo erick thohir puan
518,519,Peristiwa Nasional,pesan presiden santri kerja keras gigih ajar indonesia
519,520,Peristiwa Nasional,haru suasana tum pbnu baca naskah resolusi jihad apel santri isi
520,521,Peristiwa Nasional,presiden jokowi dorong semangat kerja keras ajar santri
521,522,Peristiwa Nasional,ribu pendekar pagar nusa ikut ijazah kubro surabaya
522,523,Peristiwa Nasional,umum hasil tes sehat caprescawapres jelas rspad gatot soebroto
523,524,Peristiwa Nasional,hadap ribu pendekar pagar nusa jokowi kelah guru silat
524,525,Peristiwa Nasional,jokowi santri tetap keppres
525,526,Peristiwa Nasional,mobil ketua pbnu jokowi kantor pcnu surabaya
526,527,Peristiwa Nasional,kunjung presiden jokowi kantor pcnu surabaya sambut kiai sepuh
527,528,Peristiwa Nasional,pilpres presiden jokowi beda pilih
528,529,Peristiwa Nasional,doa rais aam pbnu puncak santri harapanya
529,530,Peristiwa Nasional,presiden jokowi gelar temu tutup kiai sepuh kantor pcnu surabaya kapolri tunggu
530,531,Peristiwa Nasional,kukuh pimpin pusat pagar nusa pesan tum pbnu
531,532,Peristiwa Nasional,puncak santri jokowi bangga indonesia ribu pesantren
532,533,Peristiwa Nasional,presiden jokowi semangat santri kunci hadap krisis global
533,534,Peristiwa Nasional,ribu santri palangkaraya ikut apel santri
534,535,Peristiwa Nasional,presiden jokowi seragam pagar nusa saksi kukuh pendekar benteng nusantara
535,536,Peristiwa Nasional,santri kalteng pesantren pamer aneka usaha ekonomi
536,537,Peristiwa Nasional,jokowi silaturahmi kiai sepuh pbnu singgung politik praktis
537,538,Peristiwa Nasional,sarung simbol fleksibilitas santri jalan hidup landas syariat
538,539,Peristiwa Nasional,akrab jokowi prabowo erick thohir apel santri
539,540,Peristiwa Nasional,hnw saudara misi gontor
540,541,Peristiwa Nasional,pesan kiai sepuh nu jokowi jabat
541,542,Peristiwa Nasional,santri pondok pesantren awal moderasi teguh rukun
542,543,Peristiwa Nasional,wur nobat ftui kampus teknik baik indonesia
543,544,Peristiwa Nasional,resmi presiden ri jokowi fasilitas baru rsi surabaya yani
544,545,Peristiwa Nasional,pagar nusa waris ulama lekang
545,546,Peristiwa Nasional,parade shalawat santri laut manusia penuh lapang kodam brawijaya
546,547,Peristiwa Nasional,proses periksa sehat selesai ganjar pranowo insyaallah hasil
547,548,Peristiwa Nasional,rela jauhjauh surabaya santri nurul fitria bangga santri
548,549,Peristiwa Nasional,habib syech ratus ribu jamaah gema shalawat ingat santri
549,550,Peristiwa Nasional,hadap dinamika milu jurnalis dorong jeli baca hasil survei
550,551,Peristiwa Nasional,habib syech sejuk surabaya shalawat
551,552,Peristiwa Nasional,santri gus muhdlor ajak santri kontribusi kabupaten sidoarjo
552,553,Peristiwa Nasional,puncak ingat santri naufal kaus presiden jokowi
553,554,Peristiwa Nasional,ahmad basarah malang sumber inspirasi santri nasional
554,555,Peristiwa Nasional,wajib syarat daftar caprescawapres kpu ri
555,556,Peristiwa Nasional,ruang digital indonesia adem ayem jelang milu
556,557,Peristiwa Nasional,duga kolusi nepotisme ketua mk anwar usman lapor kpk
557,558,Peristiwa Nasional,presiden ri jokowi hormat lapor kpk kait kolusi nepotisme
558,559,Peristiwa Nasional,presiden joko widodo reshuffle kabinet pekan
559,560,Peristiwa Nasional,sekolah ekspor ppi dunia inovasi bangga indonesia
560,561,Peristiwa Nasional,alamat mk mahkamah keluarga google maps
561,562,Peristiwa Nasional,wapres maruf amin dorong santri agen baik
562,563,Peristiwa Nasional,qurais shihab tulis buku khusus milu bocor isi
563,564,Peristiwa Nasional,sanad wirid ijazah kubro pendekar pagar nusa payung bumi nusantara
564,565,Peristiwa Nasional,kemenagkemenkes ri siap skema syarat istithaah sehat lunas biaya haji
565,566,Peristiwa Nasional,tokoh muhammadiyah nu buka suara ketat syarat istithaah haji
566,567,Peristiwa Nasional,indonesia sumbang mangrove besar dunia
567,568,Peristiwa Nasional,lestari moerdijat cegah keras anak perempuan
568,569,Peristiwa Nasional,ehang oleh type certificate evtol civil aviation administration of china
569,570,Peristiwa Nasional,riset litbang times indonesia masyarakat jatim puas kerja khofifahemil dardak
570,571,Peristiwa Nasional,prakira cuaca rabu bmkg kota indonesia cerah awan
571,572,Peristiwa Nasional,rekomendasi hasil mudzakarah haji indonesia haji
572,573,Peristiwa Nasional,sinergi buru teror poso taktik strategi operasi madago raya
573,574,Peristiwa Nasional,tni al kapal patroli yapero inovasi aman laut negeri
574,575,Peristiwa Nasional,ormas islam dpr dukung istihaah sehat syarat lunas biaya haji
575,576,Peristiwa Nasional,progres bangun tol yogyakartabawen seksi capai persen
576,577,Peristiwa Nasional,bangga antar mobil buat anak indonesia prabowogibran pawai kpu
577,578,Peristiwa Nasional,butuh komitmen politik kuat atas tantang obat kanker payudara
578,579,Peristiwa Nasional,kpu umum hasil tes sehat caprescawapres jumat siang
579,580,Peristiwa Nasional,santri innofest tutup rangkai santri
580,581,Peristiwa Nasional,tol indralayaprabumulih tingkat produktivitas ekonomi tani
581,582,Peristiwa Nasional,waspada deepfake pilpres
582,583,Peristiwa Nasional,tokoh nu manager google mentor santri innofest
583,584,Peristiwa Nasional,skadron udara kuat kuat tempur uav tni al
584,585,Peristiwa Nasional,mpr dorong libat aktif legislator proses baik tata kelola candi borobudur
585,586,Peristiwa Nasional,periksa kpk dirut pertamina nicke widyawati alhamdulillah lancar
586,587,Peristiwa Nasional,menag ri cabang gkmnu gerak serentak program
587,588,Peristiwa Nasional,jelang milu hoaks tingkat kali lipat
588,589,Peristiwa Nasional,ketua mpr ri bamsoet terima aspirasi kaji ulang hasil amandemen uud ormas
589,590,Peristiwa Nasional,gerhana oktober kemenag ajak shalat khusuf
590,591,Peristiwa Nasional,gerhana oktober kemenag ri ajak umat islam gelar shalat khusuf
591,592,Peristiwa Nasional,yayasan semak luncur program rang stunting malnutrisi
592,593,Peristiwa Nasional,menteri pupr ri damping presiden ri jokowi resmi tol indralayaprabumulih flyover patih galung
593,594,Peristiwa Nasional,resmi spaldt sei selayur presiden ri jokowi tingkat sehat masyarakat
594,595,Peristiwa Nasional,rawat spirit sumpah pemuda hai milenial obor juang tangan
595,596,Peristiwa Nasional,tiga pasang capres cawapres lulus periksa tes sehat
596,597,Peristiwa Nasional,kisah mbah moedjair temu ikan mujair blitar inspirator sumpah pemuda
597,598,Peristiwa Nasional,hnw apresiasi konsistensi muhammadiyah dukung palestina
598,599,Peristiwa Nasional,puncak agenda santri tum pbnu buka santri innofest
599,600,Peristiwa Nasional,pdip kecewa jokowi hasto privilege tinggal
600,601,Olahraga,asi games indra sjafri optimistis timnas indonesia kalah chinese taipe
601,602,Olahraga,asi games indra sjafri optimistis timnas indonesia kalah chinese taipe
602,603,Olahraga,presiden jokowi terbit keppres panitia nasional piala dunia sepak bola fifa u
603,604,Olahraga,selesai kerja rumah sela lamongan
604,605,Olahraga,main lamongan panggil seleksi tim sepakbola putri jatim pon
605,606,Olahraga,jaga asa lawan persikabo persik bawa jefinho flavio silva
606,607,Olahraga,cabor aeromodelling magetan juara porprov jatim
607,608,Olahraga,arema fc tampil maksimal jelang lawan baya
608,609,Olahraga,jatim borong emas nomor kilometer kejurnas renang air buka bk pon
609,610,Olahraga,persik aman angka gol khanafi anderson
610,611,Olahraga,malu baya latih arema fc sulap
611,612,Olahraga,perkasa lawan arema fc latih baya efek kalah puncak klasemen
612,613,Olahraga,menang dramatis persikabo harap momentum persik bangkit
613,614,Olahraga,asi games indonesia raih medali
614,615,Olahraga,jadwal sepakbola link streaming liga liga
615,616,Olahraga,koni kota batu rekomendasi baik stadion gor
616,617,Olahraga,tampil marc marquez joan mir bawa optimisme tim honda
617,618,Olahraga,cabor tembak sumbang medali emas indonesia asi games
618,619,Olahraga,silvio escobar sadar laga sekat vs sela kondisi
619,620,Olahraga,sela lamongan gagal curi poin markas sekat tegal
620,621,Olahraga,timnas indonesia hadap uzbekistan babak asi games
621,622,Olahraga,menteri pupr ri semangat tim asi games hangzhou
622,623,Olahraga,kisah sapto yogo purnomo atlet paralimpik indonesia asi games tutur sang ayah
623,624,Olahraga,sela silvio escobar derby jatim
624,625,Olahraga,timnas indonesia vs uzbekistan harap tajam ramadhan sananta
625,626,Olahraga,persik percaya jamu bhayangkara fc
626,627,Olahraga,asi games timnas indonesia u kalah telak uzbekistan
627,628,Olahraga,skateboard indonesia raih perak asi games menteri basuki baik skate park tmii
628,629,Olahraga,bangga prestasi asi games menteri basuki siap dukung infrastruktur latih atlet indonesia
629,630,Olahraga,jadwal live tv streaming sepakbola jumat september
630,631,Olahraga,unggul persik diri lena
631,632,Olahraga,kabar sela lamongan fans silvio escobar latih
632,633,Olahraga,database atlet olahraga kunci sukses tata kelola olahraga kota tasikmalaya
633,634,Olahraga,dukung sport tourism kormi jatim gelar evaluasi progam terap aplikasi data
634,635,Olahraga,dwigol khanafi bawa persik aman angka kandang
635,636,Olahraga,main efektif kunci menang persik diri
636,637,Olahraga,tim tenis jatim raih juara turnamen invitasi tenis nasional kamendagri seman widjojo cup
637,638,Olahraga,gol tunggal rahel radiansyah sela takluk gresik united derby jatim
638,639,Olahraga,jude bellingham tampi gemilang menang los blancos girona
639,640,Olahraga,mantan kapolres cilegon resmi jabat manajer persikota tangerang
640,641,Olahraga,kontingen indonesia asi games hangzhou posisi
641,642,Olahraga,tim bulutangkis um raih juara lptk cup xxi
642,643,Olahraga,maryanto hasil finish spartathlon ultra race athena
643,644,Olahraga,piala dunia u indonesia terap var teknologi goal line
644,645,Olahraga,fifa putus piala dunia gelar benua enam negara
645,646,Olahraga,lawan puncak klasemen arema fc rebut poin
646,647,Olahraga,kim peluang kuat sela lawan deltras fc derby jatim
647,648,Olahraga,siap pon pb kodrat gelar kejurnas tarung derajat bandung
648,649,Olahraga,jelang piala soeratin persipro u gelar seleksi
649,650,Olahraga,raih medali asi games hangzhou menteri pupr ri siap infrastruktur latih atlet
650,651,Olahraga,prestasi pukau atlet karate kota probolinggo raih medali juara dunia
651,652,Olahraga,persik diri curi poin kandang pendekar cisadane
652,653,Olahraga,menteri pupr ri pimpin parade tim indonesia tutup asi games hangzhou
653,654,Olahraga,derby jatim sela tekad curi poin markas deltras fc
654,655,Olahraga,liga iii jatim desember persipro panas mesin
655,656,Olahraga,erick thohir dukung indonesia tuan rumah piala dunia
656,657,Olahraga,uefa resmi umum tuan rumah euro euro
657,658,Olahraga,profil stadion piala dunia u indonesia
658,659,Olahraga,piala dunia u timnas indonesia rancang tanding uji coba jerman
659,660,Olahraga,jadon sancho hitung manchester united
660,661,Olahraga,babak timnas indonesia unggul brunei darussalam
661,662,Olahraga,kualifikasi piala dunia timnas indonesia kalah brunei darussalam
662,663,Olahraga,barcelona move on lionel messi
663,664,Olahraga,marc marquez berat tinggal honda
664,665,Olahraga,manchester city pantau situasi ton kroos real madrid
665,666,Olahraga,prancis aman tiket euro tumbang belanda
666,667,Olahraga,luca marini cetak pole position motogp mandalika
667,668,Olahraga,jorge martin kuasa klasemen menang sprint race motogp mandalika
668,669,Olahraga,bagnaia tatap motogp mandalika optimistis geser puncak klasemen
669,670,Olahraga,presiden nonton motogp mandalika putri ariani nyanyi indonesia raya
670,671,Olahraga,magetan tuan rumah livoli divisi utama
671,672,Olahraga,marc vs alex marques kisah sibling rivalries motogp
672,673,Olahraga,fase juang timnas indonesia piala dunia
673,674,Olahraga,moto motogp mandalika balap wildcard fadil arbi aditama start baris
674,675,Olahraga,marc marquez harap balap muda indonesia level internasional
675,676,Olahraga,jupiter aerobatic team tni au siap manuver motogp mandalika
676,677,Olahraga,ego moreira tang moto gp mandalika balap indonesia gagal raih poin
677,678,Olahraga,balap spanyol sapu bersih podium moto gp mandalika
678,679,Olahraga,motogp indonesia francesco bagnaia juara mandalika
679,680,Olahraga,tarkam kemenpora rampung juara voli bulutangkis pacitan
680,681,Olahraga,fadil arbi aditama balap purworejo catat debut gemilang moto mandalika
681,682,Olahraga,tawar tolak manchester united sheikh jassim mundur
682,683,Olahraga,persik optimistis hilang gelandang tahan
683,684,Olahraga,kalah brunei darussalam timnas indonesia laju kualifikasi piala dunia
684,685,Olahraga,pesepakbola gaji mahal dunia versi forbes tajir
685,686,Olahraga,sela rencana datang main jendela transfer liga
686,687,Olahraga,copa america tiada angel maria timnas argentina
687,688,Olahraga,tuding teroris karim benzema perkara menteri negeri prancis
688,689,Olahraga,fredykhalimatus buka peluang bulu tangkis asi games china
689,690,Olahraga,psm bungkam arema fc skor
690,691,Olahraga,persipro kota probolinggo saing liga jatim grup
691,692,Olahraga,tahan imbang pss sleman persik diri tahan
692,693,Olahraga,sepakbola inggris duka sir bobby charlton tutup usia
693,694,Olahraga,sela raih menang dramatis markas persipa
694,695,Olahraga,menteri pupr ri apresiasi capai atlet asi games hangzhou
695,696,Olahraga,pemkot diri pasti stadion brawijaya tanding jadwal dekat
696,697,Olahraga,positif doping main timnas argentina papu gomez timbang pensiun
697,698,Olahraga,ketua askab magetan target mag magetan masuk putar final liga jawa timur
698,699,Olahraga,indonesia masters super gelar besok gubernur khofifah habis tiket
699,700,Olahraga,liga desember persipro aju tuan rumah
700,701,Olahraga,negara serta piala dunia u latih markas bal united
701,702,Olahraga,tim basket ukdw ramai kompetisi liga mahasiswa
702,703,Olahraga,enggan pikir bursa transfer persik fokus hadap baya
703,704,Olahraga,baya henti catat manis persik diri
704,705,Olahraga,seri pamungkas puluh kroser tanding habishabisan malang
705,706,Olahraga,laga uji coba persipro u menang assabab sukarejo pasuruan
706,707,Olahraga,persik diri menang telak hajar baya
707,708,Olahraga,wasit batal penalti latih persik singgung var
708,709,Olahraga,lawan madura united gol gustavo almeida selamat arema fc kalah
709,710,Olahraga,juara renang piala pangdam vbrawijaya gelar saygon park ratus atlet unjuk boleh
710,711,Olahraga,wakil ketua askab pssi diri tetap plt ketua
711,712,Olahraga,fakta park hyemin main voli cantik teman tim megawati
712,713,Olahraga,alfin tuasalamony rapat sela fahmi alayyubi gabung latih
713,714,Olahraga,kontingen malu tanding ajang pesparani nasional iii
714,715,Olahraga,messi tang ballon dor erling haaland raih trofi gerd muller
715,716,Olahraga,sabet ballon dor delap daftar rekor dunia milik lionel messi
716,717,Olahraga,yunus wahyudi bawa wangi banyuwangi kiprah kompetisi liga jatim
717,718,Olahraga,tanggap latih arema fc isu main hengkang
718,719,Olahraga,arema fc incar main bocor
719,720,Olahraga,lolos seleksi fit and proper test figo den remaja probolinggo kuat timnas u
720,721,Olahraga,latih arema fc putar otak menang laga besok lawan dewa united
721,722,Olahraga,neymar jalan operasi lutut brasil
722,723,Olahraga,tantang puncak klasemen persik andal imbang main
723,724,Olahraga,lawan dewa united gol spektakuler dedik bawa menang arema fc
724,725,Olahraga,balap nasional daerah tarung lodaya ride
725,726,Olahraga,alfin tuasalamony fahmi alayyubi hilang latih sela
726,727,Olahraga,bungkam borneo fc persik ancam depak
727,728,Olahraga,seru kroser tanding malang rebut posisi puncak
728,729,Olahraga,psid absen liga pssi jombang pilih bina usia
729,730,Olahraga,jarang pilih rendy juliansyah pinjam sita
730,731,Olahraga,manchester united pusar isu suksesi erik ten hag
731,732,Olahraga,lestari waris budaya kormi majalengka gelar festival olahraga tradisional
732,733,Olahraga,ipsi surabaya upaya atlet pencak silat beasiswa jalur prestasi
733,734,Olahraga,turnamen masbagik selatan cup ii ajang cari bibit sepak bola lombok timur
734,735,Olahraga,ketua pabsi eko agus koko pilih ketua koni kota diri
735,736,Olahraga,seri enam motocross malang lantian juan sabet juara kategori
736,737,Olahraga,menteri pupr ri selesai renovasi lapang tanding latih piala dunia u
737,738,Olahraga,sela tahan imbang persijap djanur bicara debut main anyar
738,739,Olahraga,stadion gelar piala dunia u
739,740,Olahraga,main lokal resmi tinggal arema fc
740,741,Olahraga,bus sela lempari batu gerombol motor pasca laga kontra persijap
741,742,Olahraga,erick thohir fifa bendera palestina tanding
742,743,Olahraga,duel lini tentu hasil persik vs madura united
743,744,Olahraga,arema fc vs persib rebut posisi puncak zona degradasi
744,745,Olahraga,lawan persib latih arema fc sabar rasa atmosfer ribu suporter gbla
745,746,Olahraga,ketua imi apresiasi hasil sean gelael raih podium balap tahan jam bahrain
746,747,Olahraga,pesta gol gawang madura united persik raih hasil sempurna kandang
747,748,Olahraga,tahan imbang persib bandung arema fc tahan zona degradasi
748,749,Olahraga,laga perdana piala soeratin persipro u menang telak persikapro
749,750,Olahraga,kota surabaya persen sambut piala dunia u
750,751,Olahraga,fifa apresiasi kesiap indonesia tuan rumah piala dunia u
751,752,Olahraga,hattrick perdana flavio silva tembus top skor liga
752,753,Olahraga,gustavo almeida resmi tinggal arema fc labu persija
753,754,Olahraga,sela laju babak lanjut piala soeratin u jatim
754,755,Olahraga,persipro raja klasemen pasca menang telak persebo muda bondowoso
755,756,Olahraga,timnas u tempur laga perdana kontra ekuador
756,757,Olahraga,malam perhati jadwal tanding timnas u
757,758,Olahraga,gelandang muda figo dennis timnas u main lepas
758,759,Olahraga,presiden ri jokowi resmi kantor fifa jakarta
759,760,Olahraga,bima sakti beban target timnas u
760,761,Olahraga,pemkot surabaya bagi tiket gratis nonton piala dunia u ajar
761,762,Olahraga,ji da bin buka resep satu timnas u
762,763,Olahraga,piala dunia u kanada spanyol respek
763,764,Olahraga,buka piala dunia u gbt surabaya spektakuler riah
764,765,Olahraga,kalah timnas panama timnas maroko u kuasa grup piala dunia u
765,766,Olahraga,timnas indonesia raih poin perdana piala dunia u
766,767,Olahraga,arkhan kaka main indonesia cetak gol piala dunia
767,768,Olahraga,imi dukung selenggara radical mandalika racing experience
768,769,Olahraga,suporter sandang disabilitas puas fasilitas stadion gbt surabaya piala dunia u
769,770,Olahraga,pesta gol inggris the young lions hancur kaledonia
770,771,Olahraga,persipro juara grup bobol menang persid jember
771,772,Olahraga,piala dunia u suporter indonesia gelora kampanye bersih pulang bersih
772,773,Olahraga,piala dunia u timnas jepang menang tipis lawan polandia
773,774,Olahraga,piala dunia u ikram al giffari cetak rekor selamat gawang lawan ekuador
774,775,Olahraga,grup piala dunia u iran cundang brazil
775,776,Olahraga,kualifikasi piala dunia tandang irak timnas indonesia kuat main
776,777,Olahraga,amar brkic fit persen turun timnas indonesia lawan panama
777,778,Olahraga,ngalam heritage run gagas wisata olahraga kota malang
778,779,Olahraga,piala dunia u prancis unggul telak burkina faso
779,780,Olahraga,piala dunia u gol venezuela bungkam selandia
780,781,Olahraga,piala dunia u jerman sukses lewat hadangan meksiko
781,782,Olahraga,piala dunia u amerika serikat sudah lawan korsel
782,783,Olahraga,mark klok irak lawan mudah timnas menang
783,784,Olahraga,timnas indonesia incar poin panama
784,785,Olahraga,wali kota cup sukses gelar ning ita muncul bibit unggul sepakbola
785,786,Olahraga,lawan panama timnas u tampil ofensif
786,787,Olahraga,gustavo almeida pindah persija aku sulit tinggal arema fc
787,788,Olahraga,takluk pscs cilacap sela lamongan nyaman puncak grup liga
788,789,Olahraga,ubaya berangkat atlet ikut pomnas xviii
789,790,Olahraga,livoli divisi utama seri magetan
790,791,Olahraga,timnas indonesia u vs panama u imbang
791,792,Olahraga,ekuador u menang latih maroko u kecewa
792,793,Olahraga,uzbekistan u menang kanada u incar lolos fase grup
793,794,Olahraga,timnas indonesia lolos kalah maroko kunci
794,795,Olahraga,arkhan kaka masuk calon top skor piala dunia u
795,796,Olahraga,atlet tembak banyuwangi sabet medali emas tingkat nasional
796,797,Olahraga,evan mas resmi pamit skuad arema fc
797,798,Olahraga,performa on fire luis suarez panggil timnas uruguay
798,799,Olahraga,bima sakti underdog bukti timnas indonesia kembang
799,800,Olahraga,piala dunia u pesta gol brasil lumat kaledonia
